Sl NO ,Value 
1,Value-1
2,Value-2
3,Value-3
4,Value-4
5,Value-5
6,Value-6
7,Value-7
8,Value-8
9,Value-9
10,Value-10
11,Value-11
12,Value-12
13,Value-13
14,Value-14
15,Value-15
16,Value-16
17,Value-17
18,Value-18
19,Value-19
20,Value-20
21,Value-21
22,Value-22
23,Value-23
24,Value-24
25,Value-25
26,Value-26
27,Value-27
28,Value-28
29,Value-29
30,Value-30
31,Value-31
32,Value-32
33,Value-33
34,Value-34
35,Value-35
36,Value-36
37,Value-37
38,Value-38
39,Value-39
40,Value-40
41,Value-41
42,Value-42
43,Value-43
44,Value-44
45,Value-45
46,Value-46
47,Value-47
48,Value-48
49,Value-49
50,Value-50
51,Value-51
52,Value-52
53,Value-53
54,Value-54
55,Value-55
56,Value-56
57,Value-57
58,Value-58
59,Value-59
60,Value-60
61,Value-61
62,Value-62
63,Value-63
64,Value-64
65,Value-65
66,Value-66
67,Value-67
68,Value-68
69,Value-69
70,Value-70
71,Value-71
72,Value-72
73,Value-73
74,Value-74
75,Value-75
76,Value-76
77,Value-77
78,Value-78
79,Value-79
80,Value-80
81,Value-81
82,Value-82
83,Value-83
84,Value-84
85,Value-85
86,Value-86
87,Value-87
88,Value-88
89,Value-89
90,Value-90
91,Value-91
92,Value-92
93,Value-93
94,Value-94
95,Value-95
96,Value-96
97,Value-97
98,Value-98
99,Value-99
100,Value-100
101,Value-101
102,Value-102
103,Value-103
104,Value-104
105,Value-105
106,Value-106
107,Value-107
108,Value-108
109,Value-109
110,Value-110
111,Value-111
112,Value-112
113,Value-113
114,Value-114
115,Value-115
116,Value-116
117,Value-117
118,Value-118
119,Value-119
120,Value-120
121,Value-121
122,Value-122
123,Value-123
124,Value-124
125,Value-125
126,Value-126
127,Value-127
128,Value-128
129,Value-129
130,Value-130
131,Value-131
132,Value-132
133,Value-133
134,Value-134
135,Value-135
136,Value-136
137,Value-137
138,Value-138
139,Value-139
140,Value-140
141,Value-141
142,Value-142
143,Value-143
144,Value-144
145,Value-145
146,Value-146
147,Value-147
148,Value-148
149,Value-149
150,Value-150
151,Value-151
152,Value-152
153,Value-153
154,Value-154
155,Value-155
156,Value-156
157,Value-157
158,Value-158
159,Value-159
160,Value-160
161,Value-161
162,Value-162
163,Value-163
164,Value-164
165,Value-165
166,Value-166
167,Value-167
168,Value-168
169,Value-169
170,Value-170
171,Value-171
172,Value-172
173,Value-173
174,Value-174
175,Value-175
176,Value-176
177,Value-177
178,Value-178
179,Value-179
180,Value-180
181,Value-181
182,Value-182
183,Value-183
184,Value-184
185,Value-185
186,Value-186
187,Value-187
188,Value-188
189,Value-189
190,Value-190
191,Value-191
192,Value-192
193,Value-193
194,Value-194
195,Value-195
196,Value-196
197,Value-197
198,Value-198
199,Value-199
200,Value-200
201,Value-201
202,Value-202
203,Value-203
204,Value-204
205,Value-205
206,Value-206
207,Value-207
208,Value-208
209,Value-209
210,Value-210
211,Value-211
212,Value-212
213,Value-213
214,Value-214
215,Value-215
216,Value-216
217,Value-217
218,Value-218
219,Value-219
220,Value-220
221,Value-221
222,Value-222
223,Value-223
224,Value-224
225,Value-225
226,Value-226
227,Value-227
228,Value-228
229,Value-229
230,Value-230
231,Value-231
232,Value-232
233,Value-233
234,Value-234
235,Value-235
236,Value-236
237,Value-237
238,Value-238
239,Value-239
240,Value-240
241,Value-241
242,Value-242
243,Value-243
244,Value-244
245,Value-245
246,Value-246
247,Value-247
248,Value-248
249,Value-249
250,Value-250
251,Value-251
252,Value-252
253,Value-253
254,Value-254
255,Value-255
256,Value-256
257,Value-257
258,Value-258
259,Value-259
260,Value-260
261,Value-261
262,Value-262
263,Value-263
264,Value-264
265,Value-265
266,Value-266
267,Value-267
268,Value-268
269,Value-269
270,Value-270
271,Value-271
272,Value-272
273,Value-273
274,Value-274
275,Value-275
276,Value-276
277,Value-277
278,Value-278
279,Value-279
280,Value-280
281,Value-281
282,Value-282
283,Value-283
284,Value-284
285,Value-285
286,Value-286
287,Value-287
288,Value-288
289,Value-289
290,Value-290
291,Value-291
292,Value-292
293,Value-293
294,Value-294
295,Value-295
296,Value-296
297,Value-297
298,Value-298
299,Value-299
300,Value-300
301,Value-301
302,Value-302
303,Value-303
304,Value-304
305,Value-305
306,Value-306
307,Value-307
308,Value-308
309,Value-309
310,Value-310
311,Value-311
312,Value-312
313,Value-313
314,Value-314
315,Value-315
316,Value-316
317,Value-317
318,Value-318
319,Value-319
320,Value-320
321,Value-321
322,Value-322
323,Value-323
324,Value-324
325,Value-325
326,Value-326
327,Value-327
328,Value-328
329,Value-329
330,Value-330
331,Value-331
332,Value-332
333,Value-333
334,Value-334
335,Value-335
336,Value-336
337,Value-337
338,Value-338
339,Value-339
340,Value-340
341,Value-341
342,Value-342
343,Value-343
344,Value-344
345,Value-345
346,Value-346
347,Value-347
348,Value-348
349,Value-349
350,Value-350
351,Value-351
352,Value-352
353,Value-353
354,Value-354
355,Value-355
356,Value-356
357,Value-357
358,Value-358
359,Value-359
360,Value-360
361,Value-361
362,Value-362
363,Value-363
364,Value-364
365,Value-365
366,Value-366
367,Value-367
368,Value-368
369,Value-369
370,Value-370
371,Value-371
372,Value-372
373,Value-373
374,Value-374
375,Value-375
376,Value-376
377,Value-377
378,Value-378
379,Value-379
380,Value-380
381,Value-381
382,Value-382
383,Value-383
384,Value-384
385,Value-385
386,Value-386
387,Value-387
388,Value-388
389,Value-389
390,Value-390
391,Value-391
392,Value-392
393,Value-393
394,Value-394
395,Value-395
396,Value-396
397,Value-397
398,Value-398
399,Value-399
400,Value-400
401,Value-401
402,Value-402
403,Value-403
404,Value-404
405,Value-405
406,Value-406
407,Value-407
408,Value-408
409,Value-409
410,Value-410
411,Value-411
412,Value-412
413,Value-413
414,Value-414
415,Value-415
416,Value-416
417,Value-417
418,Value-418
419,Value-419
420,Value-420
421,Value-421
422,Value-422
423,Value-423
424,Value-424
425,Value-425
426,Value-426
427,Value-427
428,Value-428
429,Value-429
430,Value-430
431,Value-431
432,Value-432
433,Value-433
434,Value-434
435,Value-435
436,Value-436
437,Value-437
438,Value-438
439,Value-439
440,Value-440
441,Value-441
442,Value-442
443,Value-443
444,Value-444
445,Value-445
446,Value-446
447,Value-447
448,Value-448
449,Value-449
450,Value-450
451,Value-451
452,Value-452
453,Value-453
454,Value-454
455,Value-455
456,Value-456
457,Value-457
458,Value-458
459,Value-459
460,Value-460
461,Value-461
462,Value-462
463,Value-463
464,Value-464
465,Value-465
466,Value-466
467,Value-467
468,Value-468
469,Value-469
470,Value-470
471,Value-471
472,Value-472
473,Value-473
474,Value-474
475,Value-475
476,Value-476
477,Value-477
478,Value-478
479,Value-479
480,Value-480
481,Value-481
482,Value-482
483,Value-483
484,Value-484
485,Value-485
486,Value-486
487,Value-487
488,Value-488
489,Value-489
490,Value-490
491,Value-491
492,Value-492
493,Value-493
494,Value-494
495,Value-495
496,Value-496
497,Value-497
498,Value-498
499,Value-499
500,Value-500
501,Value-501
502,Value-502
503,Value-503
504,Value-504
505,Value-505
506,Value-506
507,Value-507
508,Value-508
509,Value-509
510,Value-510
511,Value-511
512,Value-512
513,Value-513
514,Value-514
515,Value-515
516,Value-516
517,Value-517
518,Value-518
519,Value-519
520,Value-520
521,Value-521
522,Value-522
523,Value-523
524,Value-524
525,Value-525
526,Value-526
527,Value-527
528,Value-528
529,Value-529
530,Value-530
531,Value-531
532,Value-532
533,Value-533
534,Value-534
535,Value-535
536,Value-536
537,Value-537
538,Value-538
539,Value-539
540,Value-540
541,Value-541
542,Value-542
543,Value-543
544,Value-544
545,Value-545
546,Value-546
547,Value-547
548,Value-548
549,Value-549
550,Value-550
551,Value-551
552,Value-552
553,Value-553
554,Value-554
555,Value-555
556,Value-556
557,Value-557
558,Value-558
559,Value-559
560,Value-560
561,Value-561
562,Value-562
563,Value-563
564,Value-564
565,Value-565
566,Value-566
567,Value-567
568,Value-568
569,Value-569
570,Value-570
571,Value-571
572,Value-572
573,Value-573
574,Value-574
575,Value-575
576,Value-576
577,Value-577
578,Value-578
579,Value-579
580,Value-580
581,Value-581
582,Value-582
583,Value-583
584,Value-584
585,Value-585
586,Value-586
587,Value-587
588,Value-588
589,Value-589
590,Value-590
591,Value-591
592,Value-592
593,Value-593
594,Value-594
595,Value-595
596,Value-596
597,Value-597
598,Value-598
599,Value-599
600,Value-600
601,Value-601
602,Value-602
603,Value-603
604,Value-604
605,Value-605
606,Value-606
607,Value-607
608,Value-608
609,Value-609
610,Value-610
611,Value-611
612,Value-612
613,Value-613
614,Value-614
615,Value-615
616,Value-616
617,Value-617
618,Value-618
619,Value-619
620,Value-620
621,Value-621
622,Value-622
623,Value-623
624,Value-624
625,Value-625
626,Value-626
627,Value-627
628,Value-628
629,Value-629
630,Value-630
631,Value-631
632,Value-632
633,Value-633
634,Value-634
635,Value-635
636,Value-636
637,Value-637
638,Value-638
639,Value-639
640,Value-640
641,Value-641
642,Value-642
643,Value-643
644,Value-644
645,Value-645
646,Value-646
647,Value-647
648,Value-648
649,Value-649
650,Value-650
651,Value-651
652,Value-652
653,Value-653
654,Value-654
655,Value-655
656,Value-656
657,Value-657
658,Value-658
659,Value-659
660,Value-660
661,Value-661
662,Value-662
663,Value-663
664,Value-664
665,Value-665
666,Value-666
667,Value-667
668,Value-668
669,Value-669
670,Value-670
671,Value-671
672,Value-672
673,Value-673
674,Value-674
675,Value-675
676,Value-676
677,Value-677
678,Value-678
679,Value-679
680,Value-680
681,Value-681
682,Value-682
683,Value-683
684,Value-684
685,Value-685
686,Value-686
687,Value-687
688,Value-688
689,Value-689
690,Value-690
691,Value-691
692,Value-692
693,Value-693
694,Value-694
695,Value-695
696,Value-696
697,Value-697
698,Value-698
699,Value-699
700,Value-700
701,Value-701
702,Value-702
703,Value-703
704,Value-704
705,Value-705
706,Value-706
707,Value-707
708,Value-708
709,Value-709
710,Value-710
711,Value-711
712,Value-712
713,Value-713
714,Value-714
715,Value-715
716,Value-716
717,Value-717
718,Value-718
719,Value-719
720,Value-720
721,Value-721
722,Value-722
723,Value-723
724,Value-724
725,Value-725
726,Value-726
727,Value-727
728,Value-728
729,Value-729
730,Value-730
731,Value-731
732,Value-732
733,Value-733
734,Value-734
735,Value-735
736,Value-736
737,Value-737
738,Value-738
739,Value-739
740,Value-740
741,Value-741
742,Value-742
743,Value-743
744,Value-744
745,Value-745
746,Value-746
747,Value-747
748,Value-748
749,Value-749
750,Value-750
751,Value-751
752,Value-752
753,Value-753
754,Value-754
755,Value-755
756,Value-756
757,Value-757
758,Value-758
759,Value-759
760,Value-760
761,Value-761
762,Value-762
763,Value-763
